<!DOCTYPE hibernate-mapping PUBLIC "-//Hibernate/Hibernate Mapping DTD 3.0//EN" "http://hibernate.sourceforge.net/hibernate-mapping-3.0.dtd">
<hibernate-mapping>
    <class name="com.phr.data.Appointment" table="Appointment" dynamic-insert="false" dynamic-update="false">
        <id name="AppointmentID" type="integer">
            <column name="AppointmentID"/>
            <generator class="identity"/>
        </id>
        <property name="AppointmentTitle" type="text">
            <column name="AppointmentTitle" length="200" not-null="true"/>
        </property>
        <property name="AppointmentDescription" type="text">
            <column name="AppointmentDescription" length="500"/>
        </property>
        <property name="AppointmentDate" type="date">
            <column name="AppointmentDate"/>
        </property>
        <property name="AppointmentTime" type="time">
            <column name="AppointmentTime"/>
        </property>
        <property name="tenantid" type="integer">
            <column name="tenantid"/>
        </property>
        <property name="UserID" type="integer">
            <column name="UserID" length="100"/>
        </property>
        <property name="ProblemTitle" type="text">
            <column name="ProblemTitle" length="200"/>
        </property>
        <many-to-one name="relAppointmetnStatus" class="com.phr.data.LutAppointmentStatus" cascade="none">
            <column name="AppointmentStatusID" not-null="true"/>
        </many-to-one>
    </class>
</hibernate-mapping>