<!DOCTYPE hibernate-mapping PUBLIC "-//Hibernate/Hibernate Mapping DTD 3.0//EN" "http://hibernate.sourceforge.net/hibernate-mapping-3.0.dtd">
<hibernate-mapping>
    <class name="com.phr.data.Journal" table="Journal" dynamic-insert="false" dynamic-update="false">
        <id name="JournalID" type="integer">
            <column name="JournalID"/>
            <generator class="identity"/>
        </id>
        <property name="JournalTitle" type="text">
            <column name="JournalTitle" length="200" not-null="true"/>
        </property>
        <property name="JournalDate" type="date">
            <column name="JournalDate"/>
        </property>
        <property name="JournalEntry" type="text">
            <column name="JournalEntry" length="2000"/>
        </property>
        <property name="tenantid" type="integer">
            <column name="tenantid"/>
        </property>
        <property name="UserID" type="integer">
            <column name="UserID" length="100"/>
        </property>
        <property name="ProblemTitle" type="text">
            <column name="ProblemTitle" length="200"/>
        </property>
    </class>
</hibernate-mapping>