<!DOCTYPE hibernate-mapping PUBLIC "-//Hibernate/Hibernate Mapping DTD 3.0//EN" "http://hibernate.sourceforge.net/hibernate-mapping-3.0.dtd">
<hibernate-mapping>
    <class name="com.phr.data.LutAppointmentStatus" table="lutAppointmentStatus" dynamic-insert="false" dynamic-update="false">
        <id name="AppointmentStatusid" type="integer">
            <column name="AppointmentStatusid"/>
            <generator class="identity"/>
        </id>
        <property name="AppointmentStatus" type="text">
            <column name="AppointmentStatus" length="100" not-null="true"/>
        </property>
        <set name="appointments" inverse="true" cascade="">
            <key>
                <column name="AppointmentStatusID" not-null="true"/>
            </key>
            <one-to-many class="com.phr.data.Appointment"/>
        </set>
    </class>
</hibernate-mapping>