<!DOCTYPE hibernate-mapping PUBLIC "-//Hibernate/Hibernate Mapping DTD 3.0//EN" "http://hibernate.sourceforge.net/hibernate-mapping-3.0.dtd">
<hibernate-mapping>
    <class name="com.phr.data.LutLaboratoryFlag" table="lutLaboratoryFlag" dynamic-insert="false" dynamic-update="false">
        <id name="LaboratoryFlagID" type="integer">
            <column name="LaboratoryFlagID"/>
            <generator class="identity"/>
        </id>
        <property name="LaboratoryFlag" type="text">
            <column name="LaboratoryFlag" length="100" not-null="true"/>
        </property>
        <set name="laboratories" inverse="true" cascade="">
            <key>
                <column name="LaboratoryFlagID"/>
            </key>
            <one-to-many class="com.phr.data.Laboratory"/>
        </set>
    </class>
</hibernate-mapping>