<!DOCTYPE hibernate-mapping PUBLIC "-//Hibernate/Hibernate Mapping DTD 3.0//EN" "http://hibernate.sourceforge.net/hibernate-mapping-3.0.dtd">
<hibernate-mapping>
    <class name="com.phr.data.LutMedicationStatus" table="lutMedicationStatus" dynamic-insert="false" dynamic-update="false">
        <id name="MedicationStatusID" type="integer">
            <column name="MedicationStatusID"/>
            <generator class="identity"/>
        </id>
        <property name="MedicationStatus" type="text">
            <column name="MedicationStatus" length="100" not-null="true"/>
        </property>
        <set name="medicationss" inverse="true" cascade="">
            <key>
                <column name="MedicationStatusID" not-null="true"/>
            </key>
            <one-to-many class="com.phr.data.Medications"/>
        </set>
    </class>
</hibernate-mapping>