<!DOCTYPE hibernate-mapping PUBLIC "-//Hibernate/Hibernate Mapping DTD 3.0//EN" "http://hibernate.sourceforge.net/hibernate-mapping-3.0.dtd">
<hibernate-mapping>
    <class name="com.phr.data.LutProblemType" table="lutProblemType" dynamic-insert="false" dynamic-update="false">
        <id name="ProblemTypeID" type="integer">
            <column name="ProblemTypeID"/>
            <generator class="identity"/>
        </id>
        <property name="ProblemType" type="text">
            <column name="ProblemType" length="100" not-null="true"/>
        </property>
        <set name="problemss" inverse="true" cascade="">
            <key>
                <column name="ProblemTypeID" not-null="true"/>
            </key>
            <one-to-many class="com.phr.data.Problems"/>
        </set>
    </class>
</hibernate-mapping>