<!DOCTYPE hibernate-mapping PUBLIC "-//Hibernate/Hibernate Mapping DTD 3.0//EN" "http://hibernate.sourceforge.net/hibernate-mapping-3.0.dtd">
<hibernate-mapping>
    <class name="com.phr.data.LutRadiologyFlag" table="lutRadiologyFlag" dynamic-insert="false" dynamic-update="false">
        <id name="RadiologyFlagID" type="integer">
            <column name="RadiologyFlagID"/>
            <generator class="identity"/>
        </id>
        <property name="RadiologyFlag" type="text">
            <column name="RadiologyFlag" length="100" not-null="true"/>
        </property>
        <set name="radiologies" inverse="true" cascade="">
            <key>
                <column name="RadiologyFlagID"/>
            </key>
            <one-to-many class="com.phr.data.Radiology"/>
        </set>
    </class>
</hibernate-mapping>