<!DOCTYPE hibernate-mapping PUBLIC "-//Hibernate/Hibernate Mapping DTD 3.0//EN" "http://hibernate.sourceforge.net/hibernate-mapping-3.0.dtd">
<hibernate-mapping>
    <class name="com.phr.data.Medications" table="Medications" dynamic-insert="false" dynamic-update="false">
        <id name="MedicationID" type="integer">
            <column name="MedicationID"/>
            <generator class="identity"/>
        </id>
        <property name="MedicationTitle" type="text">
            <column name="MedicationTitle" length="200" not-null="true"/>
        </property>
        <property name="MedicationDirection" type="text">
            <column name="MedicationDirection" length="300"/>
        </property>
        <property name="MedicationQuantity" type="integer">
            <column name="MedicationQuantity"/>
        </property>
        <property name="MedicationRefillsLeft" type="integer">
            <column name="MedicationRefillsLeft"/>
        </property>
        <property name="MedicationPharmacy" type="text">
            <column name="MedicationPharmacy" length="200"/>
        </property>
        <property name="MedicationDateFilled" type="date">
            <column name="MedicationDateFilled"/>
        </property>
        <property name="MedicationNextRefillDate" type="date">
            <column name="MedicationNextRefillDate"/>
        </property>
        <property name="MedicationNotes" type="text">
            <column name="MedicationNotes" length="500"/>
        </property>
        <property name="MedicationExpirationDate" type="date">
            <column name="MedicationExpirationDate"/>
        </property>
        <property name="tenantid" type="integer">
            <column name="tenantid"/>
        </property>
        <property name="UserID" type="integer">
            <column name="UserID" length="100"/>
        </property>
        <property name="ProblemTitle" type="text">
            <column name="ProblemTitle" length="200"/>
        </property>
        <many-to-one name="relMedicationStatus" class="com.phr.data.LutMedicationStatus" cascade="none">
            <column name="MedicationStatusID" not-null="true"/>
        </many-to-one>
    </class>
</hibernate-mapping>