<!DOCTYPE hibernate-mapping PUBLIC "-//Hibernate/Hibernate Mapping DTD 3.0//EN" "http://hibernate.sourceforge.net/hibernate-mapping-3.0.dtd">
<hibernate-mapping>
    <class name="com.phr.data.Radiology" table="Radiology" dynamic-insert="false" dynamic-update="false">
        <id name="RadiologyID" type="integer">
            <column name="RadiologyID"/>
            <generator class="identity"/>
        </id>
        <property name="RadiologyExam" type="text">
            <column name="RadiologyExam" length="200" not-null="true"/>
        </property>
        <property name="RadiologyResult" type="text">
            <column name="RadiologyResult" length="2000"/>
        </property>
        <property name="RadiologyDate" type="date">
            <column name="RadiologyDate"/>
        </property>
        <property name="tenantid" type="integer">
            <column name="tenantid"/>
        </property>
        <property name="RadiologyNotes" type="text">
            <column name="RadiologyNotes" length="500"/>
        </property>
        <property name="UserID" type="integer">
            <column name="UserID" length="100"/>
        </property>
        <property name="ProblemTitle" type="text">
            <column name="ProblemTitle" length="200"/>
        </property>
        <many-to-one name="relRadiologyFlag" class="com.phr.data.LutRadiologyFlag" cascade="none">
            <column name="RadiologyFlagID"/>
        </many-to-one>
    </class>
</hibernate-mapping>