<!DOCTYPE hibernate-mapping PUBLIC "-//Hibernate/Hibernate Mapping DTD 3.0//EN" "http://hibernate.sourceforge.net/hibernate-mapping-3.0.dtd">
<hibernate-mapping>
    <class name="com.phr.data.Vitals" table="Vitals" dynamic-insert="false" dynamic-update="false">
        <id name="VitalsID" type="integer">
            <column name="VitalsID"/>
            <generator class="identity"/>
        </id>
        <property name="VitalsDate" type="date">
            <column name="VitalsDate"/>
        </property>
        <property name="VitalsMeasurement" type="text">
            <column name="VitalsMeasurement" length="100"/>
        </property>
        <property name="VitalsNotes" type="text">
            <column name="VitalsNotes" length="500"/>
        </property>
        <property name="tenantid" type="integer">
            <column name="tenantid"/>
        </property>
        <property name="UserID" type="integer">
            <column name="UserID" length="100"/>
        </property>
        <property name="ProblemTitle" type="text">
            <column name="ProblemTitle" length="200"/>
        </property>
        <many-to-one name="relVitalsType" class="com.phr.data.LutVitalsType" cascade="none">
            <column name="VitalsTypeID" not-null="true"/>
        </many-to-one>
        <many-to-one name="relVitalsFlag" class="com.phr.data.LutVitalsFlag" cascade="none">
            <column name="VitalsFlagID"/>
        </many-to-one>
    </class>
</hibernate-mapping>