<?xml version="1.0" encoding="UTF-8" standalone="yes"?>
<service xmlns="http://www.activegrid.com/namespaces/ServiceDefinitions/1.0" id="securityService" class="com.wavemaker.runtime.security.SecurityService" CRUDService="false" type="JavaService" springFile="securityService.spring.xml">
    <operation name="getUserId">
        <return typeRef="java.lang.String" isList="false"/>
    </operation>
    <operation name="logout"/>
    <operation name="isAuthenticated">
        <return typeRef="boolean" isList="false"/>
    </operation>
    <operation name="getUserRoles">
        <return typeRef="java.lang.String" isList="true"/>
    </operation>
    <operation name="getUserName">
        <return typeRef="java.lang.String" isList="false"/>
    </operation>
    <dataobjects/>
</service>
